case_id,split,allowed_use,image_number,parameter_status,source_workbook,source_sheet,source_row,trial_id,source_video_filename,source_video_filename_corrected,source_object_kind_zh,object_kind_zh,object_kind_correction,ball_diameter_m,ball_mass_kg,launch_height_m,photogate_position,photogate_distance_before_launch_m,source_time_header,source_block_time_value,interpreted_block_time_s,initial_horizontal_velocity_m_per_s,source_cached_speed_value,source_cached_speed_divisor,ramp_angle_deg,release_distance_m,background_changed,background_description,trial_note,mapping_correction
parabolic_img_0522,train,training_metadata_candidate,522,complete_independent_photogate_measurement,assets/parabolic_motion/2.平抛运动实验记录表.xlsx,Trial记录,3,T001,IMG_522,IMG_522,中型钢球,中型钢球,,0.013699999999999999,0.014,0.77,轨道出口前1.2cm,0.012,光电门block_time_ms,0.01668,0.01668,0.8213429256594723,821.342925659472,1000.0,32.0,0.2,False,,32°20cm,
parabolic_img_0523,test,frozen_test_inference_parameter_only_never_train,523,complete_independent_photogate_measurement,assets/parabolic_motion/2.平抛运动实验记录表.xlsx,Trial记录,4,T002,IMG_523,IMG_523,中型钢球,中型钢球,,0.013699999999999999,0.014,0.77,轨道出口前1.2cm,0.012,光电门block_time_ms,0.01702,0.01702,0.8049353701527614,804.935370152761,1000.0,32.0,0.2,False,,32°20cm,
parabolic_img_0524,test,frozen_test_inference_parameter_only_never_train,524,complete_independent_photogate_measurement,assets/parabolic_motion/2.平抛运动实验记录表.xlsx,Trial记录,5,T003,IMG_524,IMG_524,中型钢球,中型钢球,,0.013699999999999999,0.014,0.77,轨道出口前1.2cm,0.012,光电门block_time_ms,0.01674,0.01674,0.8183990442054957,818.399044205496,1000.0,32.0,0.2,False,,32°20cm,
parabolic_img_0525,train,training_metadata_candidate,525,complete_independent_photogate_measurement,assets/parabolic_motion/2.平抛运动实验记录表.xlsx,Trial记录,6,T004,IMG_525,IMG_525,中型钢球,中型钢球,,0.013699999999999999,0.014,0.77,轨道出口前1.2cm,0.012,光电门block_time_ms,0.01695,0.01695,0.8082595870206489,808.259587020649,1000.0,32.0,0.2,False,,32°20cm,
parabolic_img_0526,train,training_metadata_candidate,526,complete_independent_photogate_measurement,assets/parabolic_motion/2.平抛运动实验记录表.xlsx,Trial记录,7,T005,IMG_526,IMG_526,中型钢球,中型钢球,,0.013699999999999999,0.014,0.77,轨道出口前1.2cm,0.012,光电门block_time_ms,0.01663,0.01663,0.8238123872519543,823.812387251954,1000.0,32.0,0.2,False,,32°20cm,
parabolic_img_0527,train,training_metadata_candidate,527,complete_independent_photogate_measurement,assets/parabolic_motion/2.平抛运动实验记录表.xlsx,Trial记录,8,T006,IMG_527,IMG_527,中型钢球,中型钢球,,0.013699999999999999,0.014,0.77,轨道出口前1.2cm,0.012,光电门block_time_ms,0.01362,0.01362,1.0058737151248163,1005.87371512482,1000.0,32.0,0.3,False,,32°30cm,
parabolic_img_0528,train,training_metadata_candidate,528,complete_independent_photogate_measurement,assets/parabolic_motion/2.平抛运动实验记录表.xlsx,Trial记录,9,T007,IMG_528,IMG_528,中型钢球,中型钢球,,0.013699999999999999,0.014,0.77,轨道出口前1.2cm,0.012,光电门block_time_ms,0.01365,0.01365,1.0036630036630034,1003.663003663,1000.0,32.0,0.3,False,,32°30cm,
parabolic_img_0529,test,frozen_test_inference_parameter_only_never_train,529,complete_independent_photogate_measurement,assets/parabolic_motion/2.平抛运动实验记录表.xlsx,Trial记录,10,T008,IMG_529,IMG_529,中型钢球,中型钢球,,0.013699999999999999,0.014,0.77,轨道出口前1.2cm,0.012,光电门block_time_ms,0.01368,0.01368,1.0014619883040936,1001.46198830409,1000.0,32.0,0.3,False,,32°30cm,
parabolic_img_0530,train,training_metadata_candidate,530,complete_independent_photogate_measurement,assets/parabolic_motion/2.平抛运动实验记录表.xlsx,Trial记录,11,T009,IMG_530,IMG_530,中型钢球,中型钢球,,0.013699999999999999,0.014,0.77,轨道出口前1.2cm,0.012,光电门block_time_ms,0.01368,0.01368,1.0014619883040936,1001.46198830409,1000.0,32.0,0.3,False,,32°30cm,
parabolic_img_0531,test,frozen_test_inference_parameter_only_never_train,531,complete_independent_photogate_measurement,assets/parabolic_motion/2.平抛运动实验记录表.xlsx,Trial记录,12,T010,IMG_531,IMG_531,中型钢球,中型钢球,,0.013699999999999999,0.014,0.77,轨道出口前1.2cm,0.012,光电门block_time_ms,0.0136,0.0136,1.0073529411764706,1007.35294117647,1000.0,32.0,0.3,False,,32°30cm,
parabolic_img_0532,train,training_metadata_candidate,532,complete_independent_photogate_measurement,assets/parabolic_motion/2.平抛运动实验记录表.xlsx,Trial记录,13,T011,IMG_532,IMG_532,中型钢球,中型钢球,,0.013699999999999999,0.014,0.77,轨道出口前1.2cm,0.012,光电门block_time_ms,0.01197,0.01197,1.1445279866332496,1144.52798663325,1000.0,32.0,0.39,False,,32°39cm,
parabolic_img_0533,train,training_metadata_candidate,533,complete_independent_photogate_measurement,assets/parabolic_motion/2.平抛运动实验记录表.xlsx,Trial记录,14,T012,IMG_533,IMG_533,中型钢球,中型钢球,,0.013699999999999999,0.014,0.77,轨道出口前1.2cm,0.012,光电门block_time_ms,0.01198,0.01198,1.1435726210350583,1143.57262103506,1000.0,32.0,0.39,False,,32°39cm,
parabolic_img_0534,train,training_metadata_candidate,534,complete_independent_photogate_measurement,assets/parabolic_motion/2.平抛运动实验记录表.xlsx,Trial记录,15,T013,IMG_534,IMG_534,中型钢球,中型钢球,,0.013699999999999999,0.014,0.77,轨道出口前1.2cm,0.012,光电门block_time_ms,0.01216,0.01216,1.126644736842105,1126.64473684211,1000.0,32.0,0.39,False,,32°39cm,
parabolic_img_0535,train,training_metadata_candidate,535,complete_independent_photogate_measurement,assets/parabolic_motion/2.平抛运动实验记录表.xlsx,Trial记录,16,T014,IMG_535,IMG_535,中型钢球,中型钢球,,0.013699999999999999,0.014,0.77,轨道出口前1.2cm,0.012,光电门block_time_ms,0.01189,0.01189,1.152228763666947,1152.22876366695,1000.0,32.0,0.39,False,,32°39cm,
parabolic_img_0536,train,training_metadata_candidate,536,complete_independent_photogate_measurement,assets/parabolic_motion/2.平抛运动实验记录表.xlsx,Trial记录,17,T015,IMG_536,IMG_536,中型钢球,中型钢球,,0.013699999999999999,0.014,0.77,轨道出口前1.2cm,0.012,光电门block_time_ms,0.01206,0.01206,1.1359867330016582,1135.98673300166,1000.0,32.0,0.39,False,,32°39cm,
parabolic_img_0537,train,training_metadata_candidate,537,complete_independent_photogate_measurement,assets/parabolic_motion/2.平抛运动实验记录表.xlsx,Trial记录,18,T016,IMG_537,IMG_537,中型钢球,中型钢球,,0.013699999999999999,0.014,0.77,轨道出口前1.2cm,0.012,光电门block_time_ms,0.01089,0.01089,1.2580348943985307,1258.03489439853,1000.0,32.0,0.47,False,,32°47cm,
parabolic_img_0539,test,frozen_test_inference_parameter_only_never_train,539,complete_independent_photogate_measurement,assets/parabolic_motion/2.平抛运动实验记录表.xlsx,Trial记录,19,T017,IMG_539,IMG_539,中型钢球,中型钢球,,0.013699999999999999,0.014,0.77,轨道出口前1.2cm,0.012,光电门block_time_ms,0.01108,0.01108,1.236462093862816,1236.46209386282,1000.0,32.0,0.47,False,,32°47cm,
parabolic_img_0540,train,training_metadata_candidate,540,complete_independent_photogate_measurement,assets/parabolic_motion/2.平抛运动实验记录表.xlsx,Trial记录,20,T018,IMG_540,IMG_540,中型钢球,中型钢球,,0.013699999999999999,0.014,0.77,轨道出口前1.2cm,0.012,光电门block_time_ms,0.01091,0.01091,1.2557286892758937,1255.72868927589,1000.0,32.0,0.47,False,,32°47cm,
parabolic_img_0541,test,frozen_test_inference_parameter_only_never_train,541,complete_independent_photogate_measurement,assets/parabolic_motion/2.平抛运动实验记录表.xlsx,Trial记录,21,T019,IMG_541,IMG_541,中型钢球,中型钢球,,0.013699999999999999,0.014,0.77,轨道出口前1.2cm,0.012,光电门block_time_ms,0.011,0.011,1.2454545454545454,1245.45454545455,1000.0,32.0,0.47,False,,32°47cm,
parabolic_img_0542,train,training_metadata_candidate,542,complete_independent_photogate_measurement,assets/parabolic_motion/2.平抛运动实验记录表.xlsx,Trial记录,22,T020,IMG_542,IMG_542,中型钢球,中型钢球,,0.013699999999999999,0.014,0.77,轨道出口前1.2cm,0.012,光电门block_time_ms,0.01101,0.01101,1.2443233424159852,1244.32334241599,1000.0,32.0,0.47,False,,32°47cm,
parabolic_img_0543,train,training_metadata_candidate,543,missing_uploaded_workbook_row,,,,,,,,,,,,,,,,,,,,,,,,,,
parabolic_img_0544,test,frozen_test_inference_parameter_only_never_train,544,missing_uploaded_workbook_row,,,,,,,,,,,,,,,,,,,,,,,,,,
parabolic_img_0545,train,training_metadata_candidate,545,missing_uploaded_workbook_row,,,,,,,,,,,,,,,,,,,,,,,,,,
parabolic_img_0546,train,training_metadata_candidate,546,missing_uploaded_workbook_row,,,,,,,,,,,,,,,,,,,,,,,,,,
parabolic_img_0547,train,training_metadata_candidate,547,missing_uploaded_workbook_row,,,,,,,,,,,,,,,,,,,,,,,,,,
parabolic_img_0548,train,training_metadata_candidate,548,missing_uploaded_workbook_row,,,,,,,,,,,,,,,,,,,,,,,,,,
parabolic_img_0549,test,frozen_test_inference_parameter_only_never_train,549,missing_uploaded_workbook_row,,,,,,,,,,,,,,,,,,,,,,,,,,
parabolic_img_0550,train,training_metadata_candidate,550,missing_uploaded_workbook_row,,,,,,,,,,,,,,,,,,,,,,,,,,
parabolic_img_0551,train,training_metadata_candidate,551,missing_uploaded_workbook_row,,,,,,,,,,,,,,,,,,,,,,,,,,
parabolic_img_0552,train,training_metadata_candidate,552,missing_uploaded_workbook_row,,,,,,,,,,,,,,,,,,,,,,,,,,
parabolic_img_0553,test,frozen_test_inference_parameter_only_never_train,553,missing_uploaded_workbook_row,,,,,,,,,,,,,,,,,,,,,,,,,,
parabolic_img_0554,train,training_metadata_candidate,554,missing_uploaded_workbook_row,,,,,,,,,,,,,,,,,,,,,,,,,,
parabolic_img_0555,test,frozen_test_inference_parameter_only_never_train,555,missing_uploaded_workbook_row,,,,,,,,,,,,,,,,,,,,,,,,,,
parabolic_img_0556,train,training_metadata_candidate,556,missing_uploaded_workbook_row,,,,,,,,,,,,,,,,,,,,,,,,,,
parabolic_img_0557,train,training_metadata_candidate,557,missing_uploaded_workbook_row,,,,,,,,,,,,,,,,,,,,,,,,,,
parabolic_img_0558,train,training_metadata_candidate,558,missing_uploaded_workbook_row,,,,,,,,,,,,,,,,,,,,,,,,,,
parabolic_img_0560,test,frozen_test_inference_parameter_only_never_train,560,missing_uploaded_workbook_row,,,,,,,,,,,,,,,,,,,,,,,,,,
parabolic_img_0561,train,training_metadata_candidate,561,missing_uploaded_workbook_row,,,,,,,,,,,,,,,,,,,,,,,,,,
parabolic_img_0562,train,training_metadata_candidate,562,missing_uploaded_workbook_row,,,,,,,,,,,,,,,,,,,,,,,,,,
parabolic_img_0563,train,training_metadata_candidate,563,missing_uploaded_workbook_row,,,,,,,,,,,,,,,,,,,,,,,,,,
parabolic_img_0564,train,training_metadata_candidate,564,missing_uploaded_workbook_row,,,,,,,,,,,,,,,,,,,,,,,,,,
parabolic_img_0565,train,training_metadata_candidate,565,missing_uploaded_workbook_row,,,,,,,,,,,,,,,,,,,,,,,,,,
parabolic_img_0566,train,training_metadata_candidate,566,missing_uploaded_workbook_row,,,,,,,,,,,,,,,,,,,,,,,,,,
parabolic_img_0567,train,training_metadata_candidate,567,missing_uploaded_workbook_row,,,,,,,,,,,,,,,,,,,,,,,,,,
parabolic_img_0568,train,training_metadata_candidate,568,missing_uploaded_workbook_row,,,,,,,,,,,,,,,,,,,,,,,,,,
parabolic_img_0569,train,training_metadata_candidate,569,missing_uploaded_workbook_row,,,,,,,,,,,,,,,,,,,,,,,,,,
parabolic_img_0570,train,training_metadata_candidate,570,missing_uploaded_workbook_row,,,,,,,,,,,,,,,,,,,,,,,,,,
parabolic_img_0574,test,frozen_test_inference_parameter_only_never_train,574,complete_independent_photogate_measurement,assets/parabolic_motion/3.平抛运动实验记录表.xlsx,Trial记录,6,T001,IMG_0574,IMG_0574,特大钢球,大钢球,"{'corrected_object_kind_zh': '大钢球', 'reason': 'user_confirmed_workbook_3_and_4_use_the_same_large_steel_ball', 'confirmation': 'user_confirmed_2026-07-29'}",0.0237,0.0041600000000000005,0.77,轨道出口前1.2cm,0.012,光电门block_time_ms,0.02718,0.02718,0.8719646799116998,871.9646799117,1000.0,20.0,0.2,False,,20°20cm,
parabolic_img_0575,train,training_metadata_candidate,575,complete_independent_photogate_measurement,assets/parabolic_motion/3.平抛运动实验记录表.xlsx,Trial记录,7,T002,IMG_0575,IMG_0575,特大钢球,大钢球,"{'corrected_object_kind_zh': '大钢球', 'reason': 'user_confirmed_workbook_3_and_4_use_the_same_large_steel_ball', 'confirmation': 'user_confirmed_2026-07-29'}",0.0237,0.0041600000000000005,0.77,轨道出口前1.2cm,0.012,光电门block_time_ms,0.02752,0.02752,0.8611918604651163,861.191860465116,1000.0,20.0,0.2,False,,20°20cm,
parabolic_img_0576,test,frozen_test_inference_parameter_only_never_train,576,complete_independent_photogate_measurement,assets/parabolic_motion/3.平抛运动实验记录表.xlsx,Trial记录,8,T003,IMG_0576,IMG_0576,特大钢球,大钢球,"{'corrected_object_kind_zh': '大钢球', 'reason': 'user_confirmed_workbook_3_and_4_use_the_same_large_steel_ball', 'confirmation': 'user_confirmed_2026-07-29'}",0.0237,0.0041600000000000005,0.77,轨道出口前1.2cm,0.012,光电门block_time_ms,0.02699,0.02699,0.8781030011115227,878.103001111523,1000.0,20.0,0.2,False,,20°20cm,
parabolic_img_0577,test,frozen_test_inference_parameter_only_never_train,577,complete_independent_photogate_measurement,assets/parabolic_motion/3.平抛运动实验记录表.xlsx,Trial记录,9,T004,IMG_0577,IMG_0577,特大钢球,大钢球,"{'corrected_object_kind_zh': '大钢球', 'reason': 'user_confirmed_workbook_3_and_4_use_the_same_large_steel_ball', 'confirmation': 'user_confirmed_2026-07-29'}",0.0237,0.0041600000000000005,0.77,轨道出口前1.2cm,0.012,光电门block_time_ms,0.02717,0.02717,0.8722856091277144,872.285609127714,1000.0,20.0,0.2,False,,20°20cm,
parabolic_img_0578,train,training_metadata_candidate,578,complete_independent_photogate_measurement,assets/parabolic_motion/3.平抛运动实验记录表.xlsx,Trial记录,10,T005,IMG_0578,IMG_0578,特大钢球,大钢球,"{'corrected_object_kind_zh': '大钢球', 'reason': 'user_confirmed_workbook_3_and_4_use_the_same_large_steel_ball', 'confirmation': 'user_confirmed_2026-07-29'}",0.0237,0.0041600000000000005,0.77,轨道出口前1.2cm,0.012,光电门block_time_ms,0.02715,0.02715,0.8729281767955801,872.92817679558,1000.0,20.0,0.2,False,,20°20cm,
parabolic_img_0581,train,training_metadata_candidate,581,complete_independent_photogate_measurement,assets/parabolic_motion/3.平抛运动实验记录表.xlsx,Trial记录,12,T011,IMG_0581,IMG_0581,特大钢球,大钢球,"{'corrected_object_kind_zh': '大钢球', 'reason': 'user_confirmed_workbook_3_and_4_use_the_same_large_steel_ball', 'confirmation': 'user_confirmed_2026-07-29'}",0.0237,0.0041600000000000005,0.77,轨道出口前1.2cm,0.012,光电门block_time_ms,0.01928,0.01928,1.229253112033195,1229.2531120332,1000.0,20.0,0.39,False,,20°39cm,
parabolic_img_0582,train,training_metadata_candidate,582,complete_independent_photogate_measurement,assets/parabolic_motion/3.平抛运动实验记录表.xlsx,Trial记录,13,T012,IMG_0582,IMG_0582,特大钢球,大钢球,"{'corrected_object_kind_zh': '大钢球', 'reason': 'user_confirmed_workbook_3_and_4_use_the_same_large_steel_ball', 'confirmation': 'user_confirmed_2026-07-29'}",0.0237,0.0041600000000000005,0.77,轨道出口前1.2cm,0.012,光电门block_time_ms,0.01931,0.01931,1.2273433454168823,1227.34334541688,1000.0,20.0,0.39,False,,20°39cm,
parabolic_img_0583,train,training_metadata_candidate,583,complete_independent_photogate_measurement,assets/parabolic_motion/3.平抛运动实验记录表.xlsx,Trial记录,14,T013,IMG_0583,IMG_0583,特大钢球,大钢球,"{'corrected_object_kind_zh': '大钢球', 'reason': 'user_confirmed_workbook_3_and_4_use_the_same_large_steel_ball', 'confirmation': 'user_confirmed_2026-07-29'}",0.0237,0.0041600000000000005,0.77,轨道出口前1.2cm,0.012,光电门block_time_ms,0.01936,0.01936,1.2241735537190084,1224.17355371901,1000.0,20.0,0.39,False,,20°39cm,
parabolic_img_0584,train,training_metadata_candidate,584,complete_independent_photogate_measurement,assets/parabolic_motion/3.平抛运动实验记录表.xlsx,Trial记录,15,T014,IMG_0584,IMG_0584,特大钢球,大钢球,"{'corrected_object_kind_zh': '大钢球', 'reason': 'user_confirmed_workbook_3_and_4_use_the_same_large_steel_ball', 'confirmation': 'user_confirmed_2026-07-29'}",0.0237,0.0041600000000000005,0.77,轨道出口前1.2cm,0.012,光电门block_time_ms,0.01954,0.01954,1.2128966223132038,1212.8966223132,1000.0,20.0,0.39,False,,20°39cm,
parabolic_img_0585,train,training_metadata_candidate,585,complete_independent_photogate_measurement,assets/parabolic_motion/3.平抛运动实验记录表.xlsx,Trial记录,16,T015,IMG_0585,IMG_0585,特大钢球,大钢球,"{'corrected_object_kind_zh': '大钢球', 'reason': 'user_confirmed_workbook_3_and_4_use_the_same_large_steel_ball', 'confirmation': 'user_confirmed_2026-07-29'}",0.0237,0.0041600000000000005,0.77,轨道出口前1.2cm,0.012,光电门block_time_ms,0.01977,0.01977,1.1987860394537178,1198.78603945372,1000.0,20.0,0.39,False,,20°39cm,
parabolic_img_0586,train,training_metadata_candidate,586,complete_independent_photogate_measurement,assets/parabolic_motion/3.平抛运动实验记录表.xlsx,Trial记录,17,T021,IMG_0586,IMG_0586,特大钢球,大钢球,"{'corrected_object_kind_zh': '大钢球', 'reason': 'user_confirmed_workbook_3_and_4_use_the_same_large_steel_ball', 'confirmation': 'user_confirmed_2026-07-29'}",0.0237,0.0041600000000000005,0.77,轨道出口前1.2cm,0.012,光电门block_time_ms,0.01561,0.01561,1.518257527226137,1518.25752722614,1000.0,20.0,0.6,False,,20°60cm,
parabolic_img_0587,train,training_metadata_candidate,587,complete_independent_photogate_measurement,assets/parabolic_motion/3.平抛运动实验记录表.xlsx,Trial记录,18,T022,IMG_0587,IMG_0587,特大钢球,大钢球,"{'corrected_object_kind_zh': '大钢球', 'reason': 'user_confirmed_workbook_3_and_4_use_the_same_large_steel_ball', 'confirmation': 'user_confirmed_2026-07-29'}",0.0237,0.0041600000000000005,0.77,轨道出口前1.2cm,0.012,光电门block_time_ms,0.01559,0.01559,1.5202052597819113,1520.20525978191,1000.0,20.0,0.6,False,,20°60cm,
parabolic_img_0588,train,training_metadata_candidate,588,complete_independent_photogate_measurement,assets/parabolic_motion/3.平抛运动实验记录表.xlsx,Trial记录,19,T023,IMG_0588,IMG_0588,特大钢球,大钢球,"{'corrected_object_kind_zh': '大钢球', 'reason': 'user_confirmed_workbook_3_and_4_use_the_same_large_steel_ball', 'confirmation': 'user_confirmed_2026-07-29'}",0.0237,0.0041600000000000005,0.77,轨道出口前1.2cm,0.012,光电门block_time_ms,0.01561,0.01561,1.518257527226137,1518.25752722614,1000.0,20.0,0.6,False,,20°60cm,
parabolic_img_0590,train,training_metadata_candidate,590,complete_independent_photogate_measurement,assets/parabolic_motion/3.平抛运动实验记录表.xlsx,Trial记录,20,T024,IMG_0560,IMG_0590,特大钢球,大钢球,"{'corrected_object_kind_zh': '大钢球', 'reason': 'user_confirmed_workbook_3_and_4_use_the_same_large_steel_ball', 'confirmation': 'user_confirmed_2026-07-29'}",0.0237,0.0041600000000000005,0.77,轨道出口前1.2cm,0.012,光电门block_time_ms,0.01563,0.01563,1.516314779270633,1516.31477927063,1000.0,20.0,0.6,False,,20°60cm,"{""confirmation"":""user_confirmed_2026-07-29"",""corrected_image_number"":590,""reason"":""user_confirmed_T024_IMG_0560_should_be_IMG_0590""}"
parabolic_img_0591,train,training_metadata_candidate,591,complete_independent_photogate_measurement,assets/parabolic_motion/3.平抛运动实验记录表.xlsx,Trial记录,21,T025,IMG_0591,IMG_0591,特大钢球,大钢球,"{'corrected_object_kind_zh': '大钢球', 'reason': 'user_confirmed_workbook_3_and_4_use_the_same_large_steel_ball', 'confirmation': 'user_confirmed_2026-07-29'}",0.0237,0.0041600000000000005,0.77,轨道出口前1.2cm,0.012,光电门block_time_ms,0.01564,0.01564,1.5153452685421993,1515.3452685422,1000.0,20.0,0.6,False,,20°60cm,
parabolic_img_0592,test,frozen_test_inference_parameter_only_never_train,592,complete_independent_photogate_measurement,assets/parabolic_motion/3.平抛运动实验记录表.xlsx,Trial记录,22,T031,IMG_0592,IMG_0592,特大钢球,大钢球,"{'corrected_object_kind_zh': '大钢球', 'reason': 'user_confirmed_workbook_3_and_4_use_the_same_large_steel_ball', 'confirmation': 'user_confirmed_2026-07-29'}",0.0237,0.0041600000000000005,0.77,轨道出口前1.2cm,0.012,光电门block_time_ms,0.03547,0.03547,0.668170284747674,668.170284747674,1000.0,15.0,0.2,False,,15°20cm,
parabolic_img_0593,test,frozen_test_inference_parameter_only_never_train,593,complete_independent_photogate_measurement,assets/parabolic_motion/3.平抛运动实验记录表.xlsx,Trial记录,23,T032,IMG_0593,IMG_0593,特大钢球,大钢球,"{'corrected_object_kind_zh': '大钢球', 'reason': 'user_confirmed_workbook_3_and_4_use_the_same_large_steel_ball', 'confirmation': 'user_confirmed_2026-07-29'}",0.0237,0.0041600000000000005,0.77,轨道出口前1.2cm,0.012,光电门block_time_ms,0.03552,0.03552,0.6672297297297296,667.22972972973,1000.0,15.0,0.2,False,,15°20cm,
parabolic_img_0594,train,training_metadata_candidate,594,complete_independent_photogate_measurement,assets/parabolic_motion/3.平抛运动实验记录表.xlsx,Trial记录,24,T033,IMG_0594,IMG_0594,特大钢球,大钢球,"{'corrected_object_kind_zh': '大钢球', 'reason': 'user_confirmed_workbook_3_and_4_use_the_same_large_steel_ball', 'confirmation': 'user_confirmed_2026-07-29'}",0.0237,0.0041600000000000005,0.77,轨道出口前1.2cm,0.012,光电门block_time_ms,0.03594,0.03594,0.6594323873121869,659.432387312187,1000.0,15.0,0.2,False,,15°20cm,
parabolic_img_0595,train,training_metadata_candidate,595,complete_independent_photogate_measurement,assets/parabolic_motion/3.平抛运动实验记录表.xlsx,Trial记录,25,T034,IMG_0595,IMG_0595,特大钢球,大钢球,"{'corrected_object_kind_zh': '大钢球', 'reason': 'user_confirmed_workbook_3_and_4_use_the_same_large_steel_ball', 'confirmation': 'user_confirmed_2026-07-29'}",0.0237,0.0041600000000000005,0.77,轨道出口前1.2cm,0.012,光电门block_time_ms,0.03522,0.03522,0.6729131175468483,672.913117546848,1000.0,15.0,0.2,False,,15°20cm,
parabolic_img_0596,test,frozen_test_inference_parameter_only_never_train,596,complete_independent_photogate_measurement,assets/parabolic_motion/3.平抛运动实验记录表.xlsx,Trial记录,26,T035,IMG_0596,IMG_0596,特大钢球,大钢球,"{'corrected_object_kind_zh': '大钢球', 'reason': 'user_confirmed_workbook_3_and_4_use_the_same_large_steel_ball', 'confirmation': 'user_confirmed_2026-07-29'}",0.0237,0.0041600000000000005,0.77,轨道出口前1.2cm,0.012,光电门block_time_ms,0.03549,0.03549,0.6677937447168216,667.793744716822,1000.0,15.0,0.2,False,,15°20cm,
parabolic_img_0597,train,training_metadata_candidate,597,complete_independent_photogate_measurement,assets/parabolic_motion/3.平抛运动实验记录表.xlsx,Trial记录,33,T042,IMG_0597,IMG_0597,特大钢球,大钢球,"{'corrected_object_kind_zh': '大钢球', 'reason': 'user_confirmed_workbook_3_and_4_use_the_same_large_steel_ball', 'confirmation': 'user_confirmed_2026-07-29'}",0.0237,0.0041600000000000005,0.77,轨道出口前1.2cm,0.012,光电门block_time_ms,0.02267,0.02267,1.0454344949272165,1045.43449492722,1000.0,15.0,0.5,False,,15°50cm,
parabolic_img_0598,train,training_metadata_candidate,598,complete_independent_photogate_measurement,assets/parabolic_motion/3.平抛运动实验记录表.xlsx,Trial记录,34,T043,IMG_0598,IMG_0598,特大钢球,大钢球,"{'corrected_object_kind_zh': '大钢球', 'reason': 'user_confirmed_workbook_3_and_4_use_the_same_large_steel_ball', 'confirmation': 'user_confirmed_2026-07-29'}",0.0237,0.0041600000000000005,0.77,轨道出口前1.2cm,0.012,光电门block_time_ms,0.02264,0.02264,1.0468197879858656,1046.81978798587,1000.0,15.0,0.5,False,,15°50cm,
parabolic_img_0599,train,training_metadata_candidate,599,complete_independent_photogate_measurement,assets/parabolic_motion/3.平抛运动实验记录表.xlsx,Trial记录,35,T044,IMG_0599,IMG_0599,特大钢球,大钢球,"{'corrected_object_kind_zh': '大钢球', 'reason': 'user_confirmed_workbook_3_and_4_use_the_same_large_steel_ball', 'confirmation': 'user_confirmed_2026-07-29'}",0.0237,0.0041600000000000005,0.77,轨道出口前1.2cm,0.012,光电门block_time_ms,0.02275,0.02275,1.0417582417582418,1041.75824175824,1000.0,15.0,0.5,False,,15°50cm,
parabolic_img_0600,train,training_metadata_candidate,600,complete_independent_photogate_measurement,assets/parabolic_motion/3.平抛运动实验记录表.xlsx,Trial记录,36,T045,IMG_0600,IMG_0600,特大钢球,大钢球,"{'corrected_object_kind_zh': '大钢球', 'reason': 'user_confirmed_workbook_3_and_4_use_the_same_large_steel_ball', 'confirmation': 'user_confirmed_2026-07-29'}",0.0237,0.0041600000000000005,0.77,轨道出口前1.2cm,0.012,光电门block_time_ms,0.02282,0.02282,1.0385626643295354,1038.56266432954,1000.0,15.0,0.5,False,,15°50cm,
parabolic_img_0601,train,training_metadata_candidate,601,complete_independent_photogate_measurement,assets/parabolic_motion/3.平抛运动实验记录表.xlsx,Trial记录,37,T046,IMG_0601,IMG_0601,特大钢球,大钢球,"{'corrected_object_kind_zh': '大钢球', 'reason': 'user_confirmed_workbook_3_and_4_use_the_same_large_steel_ball', 'confirmation': 'user_confirmed_2026-07-29'}",0.0237,0.0041600000000000005,0.77,轨道出口前1.2cm,0.012,光电门block_time_ms,0.0227,0.0227,1.0440528634361232,1044.05286343612,1000.0,15.0,0.5,False,,15°50cm,
parabolic_img_0602,train,training_metadata_candidate,602,complete_independent_photogate_measurement,assets/parabolic_motion/3.平抛运动实验记录表.xlsx,Trial记录,43,T052,IMG_0602,IMG_0602,特大钢球,大钢球,"{'corrected_object_kind_zh': '大钢球', 'reason': 'user_confirmed_workbook_3_and_4_use_the_same_large_steel_ball', 'confirmation': 'user_confirmed_2026-07-29'}",0.0237,0.0041600000000000005,0.77,轨道出口前1.2cm,0.012,光电门block_time_ms,0.01698,0.01698,1.3957597173144878,1395.75971731449,1000.0,15.0,0.875,False,,15°87.5cm,
parabolic_img_0603,train,training_metadata_candidate,603,complete_independent_photogate_measurement,assets/parabolic_motion/3.平抛运动实验记录表.xlsx,Trial记录,44,T053,IMG_0603,IMG_0603,特大钢球,大钢球,"{'corrected_object_kind_zh': '大钢球', 'reason': 'user_confirmed_workbook_3_and_4_use_the_same_large_steel_ball', 'confirmation': 'user_confirmed_2026-07-29'}",0.0237,0.0041600000000000005,0.77,轨道出口前1.2cm,0.012,光电门block_time_ms,0.01706,0.01706,1.3892145369284876,1389.21453692849,1000.0,15.0,0.875,False,,15°87.5cm,
parabolic_img_0604,test,frozen_test_inference_parameter_only_never_train,604,complete_independent_photogate_measurement,assets/parabolic_motion/3.平抛运动实验记录表.xlsx,Trial记录,45,T054,IMG_0604,IMG_0604,特大钢球,大钢球,"{'corrected_object_kind_zh': '大钢球', 'reason': 'user_confirmed_workbook_3_and_4_use_the_same_large_steel_ball', 'confirmation': 'user_confirmed_2026-07-29'}",0.0237,0.0041600000000000005,0.77,轨道出口前1.2cm,0.012,光电门block_time_ms,0.01702,0.01702,1.3924794359576966,1392.4794359577,1000.0,15.0,0.875,False,,15°87.5cm,
parabolic_img_0606,train,training_metadata_candidate,606,complete_independent_photogate_measurement,assets/parabolic_motion/3.平抛运动实验记录表.xlsx,Trial记录,46,T055,IMG_0606,IMG_0606,特大钢球,大钢球,"{'corrected_object_kind_zh': '大钢球', 'reason': 'user_confirmed_workbook_3_and_4_use_the_same_large_steel_ball', 'confirmation': 'user_confirmed_2026-07-29'}",0.0237,0.0041600000000000005,0.77,轨道出口前1.2cm,0.012,光电门block_time_ms,0.01707,0.01707,1.3884007029876977,1388.4007029877,1000.0,15.0,0.875,False,,15°87.5cm,
parabolic_img_0607,test,frozen_test_inference_parameter_only_never_train,607,complete_independent_photogate_measurement,assets/parabolic_motion/3.平抛运动实验记录表.xlsx,Trial记录,47,T056,IMG_0607,IMG_0607,特大钢球,大钢球,"{'corrected_object_kind_zh': '大钢球', 'reason': 'user_confirmed_workbook_3_and_4_use_the_same_large_steel_ball', 'confirmation': 'user_confirmed_2026-07-29'}",0.0237,0.0041600000000000005,0.77,轨道出口前1.2cm,0.012,光电门block_time_ms,0.01698,0.01698,1.3957597173144878,1395.75971731449,1000.0,15.0,0.875,False,,15°87.5cm,
parabolic_img_0608,train,training_metadata_candidate,608,complete_independent_photogate_measurement,assets/parabolic_motion/3.平抛运动实验记录表.xlsx,Trial记录,27,T036,IMG_0608,IMG_0608,特大钢球,大钢球,"{'corrected_object_kind_zh': '大钢球', 'reason': 'user_confirmed_workbook_3_and_4_use_the_same_large_steel_ball', 'confirmation': 'user_confirmed_2026-07-29'}",0.0237,0.0041600000000000005,0.77,轨道出口前1.2cm,0.012,光电门block_time_ms,0.03487,0.03487,0.6796673358187554,,1000.0,15.0,0.2,True,黑色泡沫板和黑色卡纸,15°20cm,
parabolic_img_0609,train,training_metadata_candidate,609,complete_independent_photogate_measurement,assets/parabolic_motion/3.平抛运动实验记录表.xlsx,Trial记录,28,T037,IMG_0609,IMG_0609,特大钢球,大钢球,"{'corrected_object_kind_zh': '大钢球', 'reason': 'user_confirmed_workbook_3_and_4_use_the_same_large_steel_ball', 'confirmation': 'user_confirmed_2026-07-29'}",0.0237,0.0041600000000000005,0.77,轨道出口前1.2cm,0.012,光电门block_time_ms,0.03494,0.03494,0.67830566685747,,1000.0,15.0,0.2,True,黑色泡沫板和黑色卡纸,15°20cm,
parabolic_img_0610,test,frozen_test_inference_parameter_only_never_train,610,complete_independent_photogate_measurement,assets/parabolic_motion/3.平抛运动实验记录表.xlsx,Trial记录,29,T038,IMG_0610,IMG_0610,特大钢球,大钢球,"{'corrected_object_kind_zh': '大钢球', 'reason': 'user_confirmed_workbook_3_and_4_use_the_same_large_steel_ball', 'confirmation': 'user_confirmed_2026-07-29'}",0.0237,0.0041600000000000005,0.77,轨道出口前1.2cm,0.012,光电门block_time_ms,0.03512,0.03512,0.6748291571753986,,1000.0,15.0,0.2,True,黑色泡沫板和黑色卡纸,15°20cm,
parabolic_img_0611,test,frozen_test_inference_parameter_only_never_train,611,complete_independent_photogate_measurement,assets/parabolic_motion/3.平抛运动实验记录表.xlsx,Trial记录,30,T039,IMG_0611,IMG_0611,特大钢球,大钢球,"{'corrected_object_kind_zh': '大钢球', 'reason': 'user_confirmed_workbook_3_and_4_use_the_same_large_steel_ball', 'confirmation': 'user_confirmed_2026-07-29'}",0.0237,0.0041600000000000005,0.77,轨道出口前1.2cm,0.012,光电门block_time_ms,0.03519,0.03519,0.6734867860187553,,1000.0,15.0,0.2,True,黑色泡沫板和黑色卡纸,15°20cm,
parabolic_img_0612,train,training_metadata_candidate,612,complete_independent_photogate_measurement,assets/parabolic_motion/3.平抛运动实验记录表.xlsx,Trial记录,31,T040,IMG_0612,IMG_0612,特大钢球,大钢球,"{'corrected_object_kind_zh': '大钢球', 'reason': 'user_confirmed_workbook_3_and_4_use_the_same_large_steel_ball', 'confirmation': 'user_confirmed_2026-07-29'}",0.0237,0.0041600000000000005,0.77,轨道出口前1.2cm,0.012,光电门block_time_ms,0.03479,0.03479,0.6812302385743029,,1000.0,15.0,0.2,True,黑色泡沫板和黑色卡纸,15°20cm,
parabolic_img_0613,test,frozen_test_inference_parameter_only_never_train,613,complete_independent_photogate_measurement,assets/parabolic_motion/3.平抛运动实验记录表.xlsx,Trial记录,32,T041,IMG_0613,IMG_0613,特大钢球,大钢球,"{'corrected_object_kind_zh': '大钢球', 'reason': 'user_confirmed_workbook_3_and_4_use_the_same_large_steel_ball', 'confirmation': 'user_confirmed_2026-07-29'}",0.0237,0.0041600000000000005,0.77,轨道出口前1.2cm,0.012,光电门block_time_ms,0.03564,0.03564,0.664983164983165,,1000.0,,,False,,,
parabolic_img_0614,train,training_metadata_candidate,614,complete_independent_photogate_measurement,assets/parabolic_motion/3.平抛运动实验记录表.xlsx,Trial记录,38,T047,IMG_0614,IMG_0614,特大钢球,大钢球,"{'corrected_object_kind_zh': '大钢球', 'reason': 'user_confirmed_workbook_3_and_4_use_the_same_large_steel_ball', 'confirmation': 'user_confirmed_2026-07-29'}",0.0237,0.0041600000000000005,0.77,轨道出口前1.2cm,0.012,光电门block_time_ms,0.02277,0.02277,1.0408432147562583,,1000.0,15.0,0.5,True,黑色泡沫板和黑色卡纸,15°50cm,
parabolic_img_0615,train,training_metadata_candidate,615,complete_independent_photogate_measurement,assets/parabolic_motion/3.平抛运动实验记录表.xlsx,Trial记录,39,T048,IMG_0615,IMG_0615,特大钢球,大钢球,"{'corrected_object_kind_zh': '大钢球', 'reason': 'user_confirmed_workbook_3_and_4_use_the_same_large_steel_ball', 'confirmation': 'user_confirmed_2026-07-29'}",0.0237,0.0041600000000000005,0.77,轨道出口前1.2cm,0.012,光电门block_time_ms,0.02261,0.02261,1.0482087571870853,,1000.0,15.0,0.5,True,黑色泡沫板和黑色卡纸,15°50cm,
parabolic_img_0616,test,frozen_test_inference_parameter_only_never_train,616,complete_independent_photogate_measurement,assets/parabolic_motion/3.平抛运动实验记录表.xlsx,Trial记录,40,T049,IMG_0616,IMG_0616,特大钢球,大钢球,"{'corrected_object_kind_zh': '大钢球', 'reason': 'user_confirmed_workbook_3_and_4_use_the_same_large_steel_ball', 'confirmation': 'user_confirmed_2026-07-29'}",0.0237,0.0041600000000000005,0.77,轨道出口前1.2cm,0.012,光电门block_time_ms,0.02282,0.02282,1.0385626643295354,,1000.0,15.0,0.5,True,黑色泡沫板和黑色卡纸,15°50cm,
parabolic_img_0617,train,training_metadata_candidate,617,complete_independent_photogate_measurement,assets/parabolic_motion/3.平抛运动实验记录表.xlsx,Trial记录,41,T050,IMG_0617,IMG_0617,特大钢球,大钢球,"{'corrected_object_kind_zh': '大钢球', 'reason': 'user_confirmed_workbook_3_and_4_use_the_same_large_steel_ball', 'confirmation': 'user_confirmed_2026-07-29'}",0.0237,0.0041600000000000005,0.77,轨道出口前1.2cm,0.012,光电门block_time_ms,0.02268,0.02268,1.0449735449735449,,1000.0,15.0,0.5,True,黑色泡沫板和黑色卡纸,15°50cm,
parabolic_img_0618,test,frozen_test_inference_parameter_only_never_train,618,complete_independent_photogate_measurement,assets/parabolic_motion/3.平抛运动实验记录表.xlsx,Trial记录,42,T051,IMG_0618,IMG_0618,特大钢球,大钢球,"{'corrected_object_kind_zh': '大钢球', 'reason': 'user_confirmed_workbook_3_and_4_use_the_same_large_steel_ball', 'confirmation': 'user_confirmed_2026-07-29'}",0.0237,0.0041600000000000005,0.77,轨道出口前1.2cm,0.012,光电门block_time_ms,0.02264,0.02264,1.0468197879858656,,1000.0,15.0,0.5,True,黑色泡沫板和黑色卡纸,15°50cm,
parabolic_img_0619,train,training_metadata_candidate,619,complete_independent_photogate_measurement,assets/parabolic_motion/3.平抛运动实验记录表.xlsx,Trial记录,48,T057,IMG_0619,IMG_0619,特大钢球,大钢球,"{'corrected_object_kind_zh': '大钢球', 'reason': 'user_confirmed_workbook_3_and_4_use_the_same_large_steel_ball', 'confirmation': 'user_confirmed_2026-07-29'}",0.0237,0.0041600000000000005,0.77,轨道出口前1.2cm,0.012,光电门block_time_ms,0.01699,0.01699,1.3949381989405532,1394.93819894055,1000.0,15.0,0.875,True,黑色泡沫板和黑色卡纸,15°87.5cm,
parabolic_img_0620,train,training_metadata_candidate,620,complete_independent_photogate_measurement,assets/parabolic_motion/3.平抛运动实验记录表.xlsx,Trial记录,49,T058,IMG_0620,IMG_0620,特大钢球,大钢球,"{'corrected_object_kind_zh': '大钢球', 'reason': 'user_confirmed_workbook_3_and_4_use_the_same_large_steel_ball', 'confirmation': 'user_confirmed_2026-07-29'}",0.0237,0.0041600000000000005,0.77,轨道出口前1.2cm,0.012,光电门block_time_ms,0.01698,0.01698,1.3957597173144878,1395.75971731449,1000.0,15.0,0.875,True,黑色泡沫板和黑色卡纸,15°87.5cm,
parabolic_img_0621,train,training_metadata_candidate,621,complete_independent_photogate_measurement,assets/parabolic_motion/3.平抛运动实验记录表.xlsx,Trial记录,50,T059,IMG_0621,IMG_0621,特大钢球,大钢球,"{'corrected_object_kind_zh': '大钢球', 'reason': 'user_confirmed_workbook_3_and_4_use_the_same_large_steel_ball', 'confirmation': 'user_confirmed_2026-07-29'}",0.0237,0.0041600000000000005,0.77,轨道出口前1.2cm,0.012,光电门block_time_ms,0.01703,0.01703,1.3916617733411625,1391.66177334116,1000.0,15.0,0.875,True,黑色泡沫板和黑色卡纸,15°87.5cm,
parabolic_img_0622,train,training_metadata_candidate,622,complete_independent_photogate_measurement,assets/parabolic_motion/3.平抛运动实验记录表.xlsx,Trial记录,51,T060,IMG_0622,IMG_0622,特大钢球,大钢球,"{'corrected_object_kind_zh': '大钢球', 'reason': 'user_confirmed_workbook_3_and_4_use_the_same_large_steel_ball', 'confirmation': 'user_confirmed_2026-07-29'}",0.0237,0.0041600000000000005,0.77,轨道出口前1.2cm,0.012,光电门block_time_ms,0.01705,0.01705,1.3900293255131966,1390.0293255132,1000.0,15.0,0.875,True,黑色泡沫板和黑色卡纸,15°87.5cm,
parabolic_img_0623,test,frozen_test_inference_parameter_only_never_train,623,complete_independent_photogate_measurement,assets/parabolic_motion/3.平抛运动实验记录表.xlsx,Trial记录,52,T061,IMG_0623,IMG_0623,特大钢球,大钢球,"{'corrected_object_kind_zh': '大钢球', 'reason': 'user_confirmed_workbook_3_and_4_use_the_same_large_steel_ball', 'confirmation': 'user_confirmed_2026-07-29'}",0.0237,0.0041600000000000005,0.77,轨道出口前1.2cm,0.012,光电门block_time_ms,0.01705,0.01705,1.3900293255131966,1390.0293255132,1000.0,15.0,0.875,True,黑色泡沫板和黑色卡纸,15°87.5cm,
parabolic_img_0624,train,training_metadata_candidate,624,complete_independent_photogate_measurement,assets/parabolic_motion/3.平抛运动实验记录表.xlsx,Trial记录,11,T006,IMG_0624,IMG_0624,特大钢球,大钢球,"{'corrected_object_kind_zh': '大钢球', 'reason': 'user_confirmed_workbook_3_and_4_use_the_same_large_steel_ball', 'confirmation': 'user_confirmed_2026-07-29'}",0.0237,0.0041600000000000005,0.77,轨道出口前1.2cm,0.012,光电门block_time_ms,0.02819,0.02819,0.8407236608726498,,1000.0,20.0,0.2,True,黑色泡沫板和黑色卡纸,20°20cm,
parabolic_img_0625,train,training_metadata_candidate,625,complete_independent_photogate_measurement,assets/parabolic_motion/4.平抛运动实验记录表.xlsx,Trial记录,6,T001,IMG_0625,IMG_0625,大钢球,大钢球,,0.0237,0.0041600000000000005,0.77,轨道出口前1.2cm,0.012,光电门block_time_ms,0.03389,0.03389,0.699321333726763,699.321333726763,1000.0,10.0,0.425,False,,10°42.5cm,
parabolic_img_0626,train,training_metadata_candidate,626,complete_independent_photogate_measurement,assets/parabolic_motion/4.平抛运动实验记录表.xlsx,Trial记录,7,T002,IMG_0626,IMG_0626,大钢球,大钢球,,0.0237,0.0041600000000000005,0.77,轨道出口前1.2cm,0.012,光电门block_time_ms,0.03365,0.03365,0.7043090638930163,704.309063893016,1000.0,10.0,0.425,False,,10°42.5cm,
parabolic_img_0627,test,frozen_test_inference_parameter_only_never_train,627,complete_independent_photogate_measurement,assets/parabolic_motion/4.平抛运动实验记录表.xlsx,Trial记录,8,T003,IMG_0627,IMG_0627,大钢球,大钢球,,0.0237,0.0041600000000000005,0.77,轨道出口前1.2cm,0.012,光电门block_time_ms,0.03328,0.03328,0.7121394230769231,712.139423076923,1000.0,10.0,0.425,False,,10°42.5cm,
parabolic_img_0629,train,training_metadata_candidate,629,complete_independent_photogate_measurement,assets/parabolic_motion/4.平抛运动实验记录表.xlsx,Trial记录,9,T004,IMG_0629,IMG_0629,大钢球,大钢球,,0.0237,0.0041600000000000005,0.77,轨道出口前1.2cm,0.012,光电门block_time_ms,0.03344,0.03344,0.708732057416268,708.732057416268,1000.0,10.0,0.425,False,,10°42.5cm,
parabolic_img_0630,train,training_metadata_candidate,630,complete_independent_photogate_measurement,assets/parabolic_motion/4.平抛运动实验记录表.xlsx,Trial记录,10,T005,IMG_0630,IMG_0630,大钢球,大钢球,,0.0237,0.0041600000000000005,0.77,轨道出口前1.2cm,0.012,光电门block_time_ms,0.03384,0.03384,0.7003546099290779,700.354609929078,1000.0,10.0,0.425,False,,10°42.5cm,
parabolic_img_0631,train,training_metadata_candidate,631,complete_independent_photogate_measurement,assets/parabolic_motion/4.平抛运动实验记录表.xlsx,Trial记录,16,T011,IMG_0631,IMG_0631,大钢球,大钢球,,0.0237,0.0041600000000000005,0.77,轨道出口前1.2cm,0.012,光电门block_time_ms,0.02522,0.02522,0.9397303727200634,,1000.0,10.0,0.725,False,,10°72.5cm,
parabolic_img_0632,train,training_metadata_candidate,632,complete_independent_photogate_measurement,assets/parabolic_motion/4.平抛运动实验记录表.xlsx,Trial记录,17,T012,IMG_0632,IMG_0632,大钢球,大钢球,,0.0237,0.0041600000000000005,0.77,轨道出口前1.2cm,0.012,光电门block_time_ms,0.02537,0.02537,0.934174221521482,,1000.0,10.0,0.725,False,,10°72.5cm,
parabolic_img_0633,test,frozen_test_inference_parameter_only_never_train,633,complete_independent_photogate_measurement,assets/parabolic_motion/4.平抛运动实验记录表.xlsx,Trial记录,18,T013,IMG_0633,IMG_0633,大钢球,大钢球,,0.0237,0.0041600000000000005,0.77,轨道出口前1.2cm,0.012,光电门block_time_ms,0.0255,0.0255,0.9294117647058824,,1000.0,10.0,0.725,False,,10°72.5cm,
parabolic_img_0634,test,frozen_test_inference_parameter_only_never_train,634,complete_independent_photogate_measurement,assets/parabolic_motion/4.平抛运动实验记录表.xlsx,Trial记录,19,T014,IMG_0634,IMG_0634,大钢球,大钢球,,0.0237,0.0041600000000000005,0.77,轨道出口前1.2cm,0.012,光电门block_time_ms,0.0254,0.0254,0.9330708661417323,,1000.0,10.0,0.725,False,,10°72.5cm,
parabolic_img_0635,test,frozen_test_inference_parameter_only_never_train,635,complete_independent_photogate_measurement,assets/parabolic_motion/4.平抛运动实验记录表.xlsx,Trial记录,20,T015,IMG_0635,IMG_0635,大钢球,大钢球,,0.0237,0.0041600000000000005,0.77,轨道出口前1.2cm,0.012,光电门block_time_ms,0.02544,0.02544,0.9316037735849055,,1000.0,10.0,0.725,False,,10°72.5cm,
parabolic_img_0637,test,frozen_test_inference_parameter_only_never_train,637,complete_independent_photogate_measurement,assets/parabolic_motion/4.平抛运动实验记录表.xlsx,Trial记录,26,T021,IMG_0637,IMG_0637,大钢球,大钢球,,0.0237,0.0041600000000000005,0.77,轨道出口前1.2cm,0.012,光电门block_time_ms,0.02139,0.02139,1.1079943899018232,1107.99438990182,1000.0,10.0,0.805,False,,10°80.5cm,
parabolic_img_0638,train,training_metadata_candidate,638,complete_independent_photogate_measurement,assets/parabolic_motion/4.平抛运动实验记录表.xlsx,Trial记录,27,T022,IMG_0638,IMG_0638,大钢球,大钢球,,0.0237,0.0041600000000000005,0.77,轨道出口前1.2cm,0.012,光电门block_time_ms,0.02138,0.02138,1.108512628624883,1108.51262862488,1000.0,10.0,0.805,False,,10°80.5cm,
parabolic_img_0639,train,training_metadata_candidate,639,complete_independent_photogate_measurement,assets/parabolic_motion/4.平抛运动实验记录表.xlsx,Trial记录,28,T023,IMG_0639,IMG_0639,大钢球,大钢球,,0.0237,0.0041600000000000005,0.77,轨道出口前1.2cm,0.012,光电门block_time_ms,0.02145,0.02145,1.1048951048951048,1104.8951048951,1000.0,10.0,0.805,False,,10°80.5cm,
parabolic_img_0640,train,training_metadata_candidate,640,complete_independent_photogate_measurement,assets/parabolic_motion/4.平抛运动实验记录表.xlsx,Trial记录,29,T024,IMG_0640,IMG_0640,大钢球,大钢球,,0.0237,0.0041600000000000005,0.77,轨道出口前1.2cm,0.012,光电门block_time_ms,0.02153,0.02153,1.1007895959126799,1100.78959591268,1000.0,10.0,0.805,False,,10°80.5cm,
parabolic_img_0641,train,training_metadata_candidate,641,complete_independent_photogate_measurement,assets/parabolic_motion/4.平抛运动实验记录表.xlsx,Trial记录,30,T025,IMG_0641,IMG_0641,大钢球,大钢球,,0.0237,0.0041600000000000005,0.77,轨道出口前1.2cm,0.012,光电门block_time_ms,0.02146,0.02146,1.1043802423112767,1104.38024231128,1000.0,10.0,0.805,False,,10°80.5cm,
parabolic_img_0642,train,training_metadata_candidate,642,complete_independent_photogate_measurement,assets/parabolic_motion/4.平抛运动实验记录表.xlsx,Trial记录,11,T006,IMG_0642,IMG_0642,大钢球,大钢球,,0.0237,0.0041600000000000005,0.77,轨道出口前1.2cm,0.012,光电门block_time_ms,0.03372,0.03372,0.702846975088968,,1000.0,10.0,0.425,True,黑色,10°42.5cm,
parabolic_img_0643,train,training_metadata_candidate,643,complete_independent_photogate_measurement,assets/parabolic_motion/4.平抛运动实验记录表.xlsx,Trial记录,12,T007,IMG_0643,IMG_0643,大钢球,大钢球,,0.0237,0.0041600000000000005,0.77,轨道出口前1.2cm,0.012,光电门block_time_ms,0.034,0.034,0.6970588235294117,,1000.0,10.0,0.425,True,黑色,10°42.5cm,
parabolic_img_0644,train,training_metadata_candidate,644,complete_independent_photogate_measurement,assets/parabolic_motion/4.平抛运动实验记录表.xlsx,Trial记录,13,T008,IMG_0644,IMG_0644,大钢球,大钢球,,0.0237,0.0041600000000000005,0.77,轨道出口前1.2cm,0.012,光电门block_time_ms,0.03391,0.03391,0.6989088764376289,,1000.0,10.0,0.425,True,黑色,10°42.5cm,
parabolic_img_0645,train,training_metadata_candidate,645,complete_independent_photogate_measurement,assets/parabolic_motion/4.平抛运动实验记录表.xlsx,Trial记录,14,T009,IMG_0645,IMG_0645,大钢球,大钢球,,0.0237,0.0041600000000000005,0.77,轨道出口前1.2cm,0.012,光电门block_time_ms,0.03445,0.03445,0.6879535558780842,,1000.0,10.0,0.425,True,黑色,10°42.5cm,
parabolic_img_0646,train,training_metadata_candidate,646,complete_independent_photogate_measurement,assets/parabolic_motion/4.平抛运动实验记录表.xlsx,Trial记录,15,T010,IMG_0646,IMG_0646,大钢球,大钢球,,0.0237,0.0041600000000000005,0.77,轨道出口前1.2cm,0.012,光电门block_time_ms,0.03377,0.03377,0.70180633698549,,1000.0,10.0,0.425,True,黑色,10°42.5cm,
parabolic_img_0647,train,training_metadata_candidate,647,complete_independent_photogate_measurement,assets/parabolic_motion/4.平抛运动实验记录表.xlsx,Trial记录,21,T016,IMG_0647,IMG_0647,大钢球,大钢球,,0.0237,0.0041600000000000005,0.77,轨道出口前1.2cm,0.012,光电门block_time_ms,0.02537,0.02537,0.934174221521482,,1000.0,10.0,0.725,True,黑色,10°72.5cm,
parabolic_img_0649,train,training_metadata_candidate,649,complete_independent_photogate_measurement,assets/parabolic_motion/4.平抛运动实验记录表.xlsx,Trial记录,22,T017,IMG_0649,IMG_0649,大钢球,大钢球,,0.0237,0.0041600000000000005,0.77,轨道出口前1.2cm,0.012,光电门block_time_ms,0.02533,0.02533,0.9356494275562575,,1000.0,10.0,0.725,True,黑色,10°72.5cm,
parabolic_img_0651,train,training_metadata_candidate,651,complete_independent_photogate_measurement,assets/parabolic_motion/4.平抛运动实验记录表.xlsx,Trial记录,23,T018,IMG_0651,IMG_0651,大钢球,大钢球,,0.0237,0.0041600000000000005,0.77,轨道出口前1.2cm,0.012,光电门block_time_ms,0.02537,0.02537,0.934174221521482,,1000.0,10.0,0.725,True,黑色,10°72.5cm,
parabolic_img_0652,train,training_metadata_candidate,652,complete_independent_photogate_measurement,assets/parabolic_motion/4.平抛运动实验记录表.xlsx,Trial记录,24,T019,IMG_0652,IMG_0652,大钢球,大钢球,,0.0237,0.0041600000000000005,0.77,轨道出口前1.2cm,0.012,光电门block_time_ms,0.0254,0.0254,0.9330708661417323,,1000.0,10.0,0.725,True,黑色,10°72.5cm,
parabolic_img_0653,test,frozen_test_inference_parameter_only_never_train,653,complete_independent_photogate_measurement,assets/parabolic_motion/4.平抛运动实验记录表.xlsx,Trial记录,25,T020,IMG_0653,IMG_0653,大钢球,大钢球,,0.0237,0.0041600000000000005,0.77,轨道出口前1.2cm,0.012,光电门block_time_ms,0.02533,0.02533,0.9356494275562575,,1000.0,10.0,0.725,True,黑色,10°72.5cm,
parabolic_img_0654,train,training_metadata_candidate,654,complete_independent_photogate_measurement,assets/parabolic_motion/4.平抛运动实验记录表.xlsx,Trial记录,31,T026,IMG_0654,IMG_0654,大钢球,大钢球,,0.0237,0.0041600000000000005,0.77,轨道出口前1.2cm,0.012,光电门block_time_ms,0.02152,0.02152,1.1013011152416357,,1000.0,10.0,0.805,True,黑色,10°80.5cm,
parabolic_img_0655,train,training_metadata_candidate,655,complete_independent_photogate_measurement,assets/parabolic_motion/4.平抛运动实验记录表.xlsx,Trial记录,32,T027,IMG_0655,IMG_0655,大钢球,大钢球,,0.0237,0.0041600000000000005,0.77,轨道出口前1.2cm,0.012,光电门block_time_ms,0.0215,0.0215,1.102325581395349,,1000.0,10.0,0.805,True,黑色,10°80.5cm,
parabolic_img_0656,train,training_metadata_candidate,656,complete_independent_photogate_measurement,assets/parabolic_motion/4.平抛运动实验记录表.xlsx,Trial记录,33,T028,IMG_0656,IMG_0656,大钢球,大钢球,,0.0237,0.0041600000000000005,0.77,轨道出口前1.2cm,0.012,光电门block_time_ms,0.02148,0.02148,1.1033519553072626,,1000.0,10.0,0.805,True,黑色,10°80.5cm,
parabolic_img_0657,train,training_metadata_candidate,657,complete_independent_photogate_measurement,assets/parabolic_motion/4.平抛运动实验记录表.xlsx,Trial记录,34,T029,IMG_0657,IMG_0657,大钢球,大钢球,,0.0237,0.0041600000000000005,0.77,轨道出口前1.2cm,0.012,光电门block_time_ms,0.02149,0.02149,1.1028385295486274,,1000.0,10.0,0.805,True,黑色,10°80.5cm,
parabolic_img_0658,test,frozen_test_inference_parameter_only_never_train,658,complete_independent_photogate_measurement,assets/parabolic_motion/4.平抛运动实验记录表.xlsx,Trial记录,35,T030,IMG_0658,IMG_0658,大钢球,大钢球,,0.0237,0.0041600000000000005,0.77,轨道出口前1.2cm,0.012,光电门block_time_ms,0.02147,0.02147,1.103865859338612,,1000.0,10.0,0.805,True,黑色,10°80.5cm,
parabolic_img_0659,train,training_metadata_candidate,659,missing_uploaded_workbook_row,,,,,,,,,,,,,,,,,,,,,,,,,,
parabolic_img_0660,train,training_metadata_candidate,660,missing_uploaded_workbook_row,,,,,,,,,,,,,,,,,,,,,,,,,,
parabolic_img_0661,train,training_metadata_candidate,661,missing_uploaded_workbook_row,,,,,,,,,,,,,,,,,,,,,,,,,,
parabolic_img_0662,train,training_metadata_candidate,662,missing_uploaded_workbook_row,,,,,,,,,,,,,,,,,,,,,,,,,,
